id,kind,vertical,challenge,hook,cta,production_note,safety_note
seed-001,PROOF,fitness,Run 1 Mile,Did the boring rep anyway.,TRY THIS,Show the attempt clearly; keep the caption conversational; never fake verification.,No dangerous stunt escalation; hide private data and get consent for identifiable bystanders.
seed-002,PROOF,sports,Make the Shot,Did the boring rep anyway.,RUN IT BACK,Show the attempt clearly; keep the caption conversational; never fake verification.,No dangerous stunt escalation; hide private data and get consent for identifiable bystanders.
seed-003,PROOF,food,Cook Without Panicking,Did the boring rep anyway.,BEAT ME,Show the attempt clearly; keep the caption conversational; never fake verification.,No dangerous stunt escalation; hide private data and get consent for identifiable bystanders.
seed-004,PROOF,build,Ship One Thing,Did the boring rep anyway.,JOIN THE DROP,Show the attempt clearly; keep the caption conversational; never fake verification.,No dangerous stunt escalation; hide private data and get consent for identifiable bystanders.
seed-005,PROOF,business,Talk to One Customer,Did the boring rep anyway.,FOLLOW THE JOURNEY,Show the attempt clearly; keep the caption conversational; never fake verification.,No dangerous stunt escalation; hide private data and get consent for identifiable bystanders.
seed-006,PROOF,study,45 Minute Lock-In,Did the boring rep anyway.,CHALLENGE A FRIEND,Show the attempt clearly; keep the caption conversational; never fake verification.,No dangerous stunt escalation; hide private data and get consent for identifiable bystanders.
seed-007,PROOF,art,One Sketch,Did the boring rep anyway.,KEEP THE CHAIN ALIVE,Show the attempt clearly; keep the caption conversational; never fake verification.,No dangerous stunt escalation; hide private data and get consent for identifiable bystanders.
seed-008,PROOF,outdoors,Touch Grass,Did the boring rep anyway.,TRY THIS,Show the attempt clearly; keep the caption conversational; never fake verification.,No dangerous stunt escalation; hide private data and get consent for identifiable bystanders.
seed-009,PROOF,social,Reach Out 7,Did the boring rep anyway.,RUN IT BACK,Show the attempt clearly; keep the caption conversational; never fake verification.,No dangerous stunt escalation; hide private data and get consent for identifiable bystanders.
seed-010,PROOF,funny,Draw It From Memory,Did the boring rep anyway.,BEAT ME,Show the attempt clearly; keep the caption conversational; never fake verification.,No dangerous stunt escalation; hide private data and get consent for identifiable bystanders.
seed-011,FAIL,fitness,Run 1 Mile,This looked much easier in my head.,JOIN THE DROP,Show the attempt clearly; keep the caption conversational; never fake verification.,No dangerous stunt escalation; hide private data and get consent for identifiable bystanders.
seed-012,FAIL,sports,Make the Shot,This looked much easier in my head.,FOLLOW THE JOURNEY,Show the attempt clearly; keep the caption conversational; never fake verification.,No dangerous stunt escalation; hide private data and get consent for identifiable bystanders.
seed-013,FAIL,food,Cook Without Panicking,This looked much easier in my head.,CHALLENGE A FRIEND,Show the attempt clearly; keep the caption conversational; never fake verification.,No dangerous stunt escalation; hide private data and get consent for identifiable bystanders.
seed-014,FAIL,build,Ship One Thing,This looked much easier in my head.,KEEP THE CHAIN ALIVE,Show the attempt clearly; keep the caption conversational; never fake verification.,No dangerous stunt escalation; hide private data and get consent for identifiable bystanders.
seed-015,FAIL,business,Talk to One Customer,This looked much easier in my head.,TRY THIS,Show the attempt clearly; keep the caption conversational; never fake verification.,No dangerous stunt escalation; hide private data and get consent for identifiable bystanders.
seed-016,FAIL,study,45 Minute Lock-In,This looked much easier in my head.,RUN IT BACK,Show the attempt clearly; keep the caption conversational; never fake verification.,No dangerous stunt escalation; hide private data and get consent for identifiable bystanders.
seed-017,FAIL,art,One Sketch,This looked much easier in my head.,BEAT ME,Show the attempt clearly; keep the caption conversational; never fake verification.,No dangerous stunt escalation; hide private data and get consent for identifiable bystanders.
seed-018,FAIL,outdoors,Touch Grass,This looked much easier in my head.,JOIN THE DROP,Show the attempt clearly; keep the caption conversational; never fake verification.,No dangerous stunt escalation; hide private data and get consent for identifiable bystanders.
seed-019,FAIL,social,Reach Out 7,This looked much easier in my head.,FOLLOW THE JOURNEY,Show the attempt clearly; keep the caption conversational; never fake verification.,No dangerous stunt escalation; hide private data and get consent for identifiable bystanders.
seed-020,FAIL,funny,Draw It From Memory,This looked much easier in my head.,CHALLENGE A FRIEND,Show the attempt clearly; keep the caption conversational; never fake verification.,No dangerous stunt escalation; hide private data and get consent for identifiable bystanders.
seed-021,COMEBACK,fitness,Run 1 Mile,Yesterday won. Today did not.,KEEP THE CHAIN ALIVE,Show the attempt clearly; keep the caption conversational; never fake verification.,No dangerous stunt escalation; hide private data and get consent for identifiable bystanders.
seed-022,COMEBACK,sports,Make the Shot,Yesterday won. Today did not.,TRY THIS,Show the attempt clearly; keep the caption conversational; never fake verification.,No dangerous stunt escalation; hide private data and get consent for identifiable bystanders.
seed-023,COMEBACK,food,Cook Without Panicking,Yesterday won. Today did not.,RUN IT BACK,Show the attempt clearly; keep the caption conversational; never fake verification.,No dangerous stunt escalation; hide private data and get consent for identifiable bystanders.
seed-024,COMEBACK,build,Ship One Thing,Yesterday won. Today did not.,BEAT ME,Show the attempt clearly; keep the caption conversational; never fake verification.,No dangerous stunt escalation; hide private data and get consent for identifiable bystanders.
seed-025,COMEBACK,business,Talk to One Customer,Yesterday won. Today did not.,JOIN THE DROP,Show the attempt clearly; keep the caption conversational; never fake verification.,No dangerous stunt escalation; hide private data and get consent for identifiable bystanders.
seed-026,COMEBACK,study,45 Minute Lock-In,Yesterday won. Today did not.,FOLLOW THE JOURNEY,Show the attempt clearly; keep the caption conversational; never fake verification.,No dangerous stunt escalation; hide private data and get consent for identifiable bystanders.
seed-027,COMEBACK,art,One Sketch,Yesterday won. Today did not.,CHALLENGE A FRIEND,Show the attempt clearly; keep the caption conversational; never fake verification.,No dangerous stunt escalation; hide private data and get consent for identifiable bystanders.
seed-028,COMEBACK,outdoors,Touch Grass,Yesterday won. Today did not.,KEEP THE CHAIN ALIVE,Show the attempt clearly; keep the caption conversational; never fake verification.,No dangerous stunt escalation; hide private data and get consent for identifiable bystanders.
seed-029,COMEBACK,social,Reach Out 7,Yesterday won. Today did not.,TRY THIS,Show the attempt clearly; keep the caption conversational; never fake verification.,No dangerous stunt escalation; hide private data and get consent for identifiable bystanders.
seed-030,COMEBACK,funny,Draw It From Memory,Yesterday won. Today did not.,RUN IT BACK,Show the attempt clearly; keep the caption conversational; never fake verification.,No dangerous stunt escalation; hide private data and get consent for identifiable bystanders.
seed-031,FIRST DAY,fitness,Run 1 Mile,Starting before I feel ready.,BEAT ME,Show the attempt clearly; keep the caption conversational; never fake verification.,No dangerous stunt escalation; hide private data and get consent for identifiable bystanders.
seed-032,FIRST DAY,sports,Make the Shot,Starting before I feel ready.,JOIN THE DROP,Show the attempt clearly; keep the caption conversational; never fake verification.,No dangerous stunt escalation; hide private data and get consent for identifiable bystanders.
seed-033,FIRST DAY,food,Cook Without Panicking,Starting before I feel ready.,FOLLOW THE JOURNEY,Show the attempt clearly; keep the caption conversational; never fake verification.,No dangerous stunt escalation; hide private data and get consent for identifiable bystanders.
seed-034,FIRST DAY,build,Ship One Thing,Starting before I feel ready.,CHALLENGE A FRIEND,Show the attempt clearly; keep the caption conversational; never fake verification.,No dangerous stunt escalation; hide private data and get consent for identifiable bystanders.
seed-035,FIRST DAY,business,Talk to One Customer,Starting before I feel ready.,KEEP THE CHAIN ALIVE,Show the attempt clearly; keep the caption conversational; never fake verification.,No dangerous stunt escalation; hide private data and get consent for identifiable bystanders.
seed-036,FIRST DAY,study,45 Minute Lock-In,Starting before I feel ready.,TRY THIS,Show the attempt clearly; keep the caption conversational; never fake verification.,No dangerous stunt escalation; hide private data and get consent for identifiable bystanders.
seed-037,FIRST DAY,art,One Sketch,Starting before I feel ready.,RUN IT BACK,Show the attempt clearly; keep the caption conversational; never fake verification.,No dangerous stunt escalation; hide private data and get consent for identifiable bystanders.
seed-038,FIRST DAY,outdoors,Touch Grass,Starting before I feel ready.,BEAT ME,Show the attempt clearly; keep the caption conversational; never fake verification.,No dangerous stunt escalation; hide private data and get consent for identifiable bystanders.
seed-039,FIRST DAY,social,Reach Out 7,Starting before I feel ready.,JOIN THE DROP,Show the attempt clearly; keep the caption conversational; never fake verification.,No dangerous stunt escalation; hide private data and get consent for identifiable bystanders.
seed-040,FIRST DAY,funny,Draw It From Memory,Starting before I feel ready.,FOLLOW THE JOURNEY,Show the attempt clearly; keep the caption conversational; never fake verification.,No dangerous stunt escalation; hide private data and get consent for identifiable bystanders.
seed-041,PR,fitness,Run 1 Mile,New best. Receipt attached.,CHALLENGE A FRIEND,Show the attempt clearly; keep the caption conversational; never fake verification.,No dangerous stunt escalation; hide private data and get consent for identifiable bystanders.
seed-042,PR,sports,Make the Shot,New best. Receipt attached.,KEEP THE CHAIN ALIVE,Show the attempt clearly; keep the caption conversational; never fake verification.,No dangerous stunt escalation; hide private data and get consent for identifiable bystanders.
seed-043,PR,food,Cook Without Panicking,New best. Receipt attached.,TRY THIS,Show the attempt clearly; keep the caption conversational; never fake verification.,No dangerous stunt escalation; hide private data and get consent for identifiable bystanders.
seed-044,PR,build,Ship One Thing,New best. Receipt attached.,RUN IT BACK,Show the attempt clearly; keep the caption conversational; never fake verification.,No dangerous stunt escalation; hide private data and get consent for identifiable bystanders.
seed-045,PR,business,Talk to One Customer,New best. Receipt attached.,BEAT ME,Show the attempt clearly; keep the caption conversational; never fake verification.,No dangerous stunt escalation; hide private data and get consent for identifiable bystanders.
seed-046,PR,study,45 Minute Lock-In,New best. Receipt attached.,JOIN THE DROP,Show the attempt clearly; keep the caption conversational; never fake verification.,No dangerous stunt escalation; hide private data and get consent for identifiable bystanders.
seed-047,PR,art,One Sketch,New best. Receipt attached.,FOLLOW THE JOURNEY,Show the attempt clearly; keep the caption conversational; never fake verification.,No dangerous stunt escalation; hide private data and get consent for identifiable bystanders.
seed-048,PR,outdoors,Touch Grass,New best. Receipt attached.,CHALLENGE A FRIEND,Show the attempt clearly; keep the caption conversational; never fake verification.,No dangerous stunt escalation; hide private data and get consent for identifiable bystanders.
seed-049,PR,social,Reach Out 7,New best. Receipt attached.,KEEP THE CHAIN ALIVE,Show the attempt clearly; keep the caption conversational; never fake verification.,No dangerous stunt escalation; hide private data and get consent for identifiable bystanders.
seed-050,PR,funny,Draw It From Memory,New best. Receipt attached.,TRY THIS,Show the attempt clearly; keep the caption conversational; never fake verification.,No dangerous stunt escalation; hide private data and get consent for identifiable bystanders.
seed-051,CHAOS,fitness,Run 1 Mile,The plan survived approximately six minutes.,RUN IT BACK,Show the attempt clearly; keep the caption conversational; never fake verification.,No dangerous stunt escalation; hide private data and get consent for identifiable bystanders.
seed-052,CHAOS,sports,Make the Shot,The plan survived approximately six minutes.,BEAT ME,Show the attempt clearly; keep the caption conversational; never fake verification.,No dangerous stunt escalation; hide private data and get consent for identifiable bystanders.
seed-053,CHAOS,food,Cook Without Panicking,The plan survived approximately six minutes.,JOIN THE DROP,Show the attempt clearly; keep the caption conversational; never fake verification.,No dangerous stunt escalation; hide private data and get consent for identifiable bystanders.
seed-054,CHAOS,build,Ship One Thing,The plan survived approximately six minutes.,FOLLOW THE JOURNEY,Show the attempt clearly; keep the caption conversational; never fake verification.,No dangerous stunt escalation; hide private data and get consent for identifiable bystanders.
seed-055,CHAOS,business,Talk to One Customer,The plan survived approximately six minutes.,CHALLENGE A FRIEND,Show the attempt clearly; keep the caption conversational; never fake verification.,No dangerous stunt escalation; hide private data and get consent for identifiable bystanders.
seed-056,CHAOS,study,45 Minute Lock-In,The plan survived approximately six minutes.,KEEP THE CHAIN ALIVE,Show the attempt clearly; keep the caption conversational; never fake verification.,No dangerous stunt escalation; hide private data and get consent for identifiable bystanders.
seed-057,CHAOS,art,One Sketch,The plan survived approximately six minutes.,TRY THIS,Show the attempt clearly; keep the caption conversational; never fake verification.,No dangerous stunt escalation; hide private data and get consent for identifiable bystanders.
seed-058,CHAOS,outdoors,Touch Grass,The plan survived approximately six minutes.,RUN IT BACK,Show the attempt clearly; keep the caption conversational; never fake verification.,No dangerous stunt escalation; hide private data and get consent for identifiable bystanders.
seed-059,CHAOS,social,Reach Out 7,The plan survived approximately six minutes.,BEAT ME,Show the attempt clearly; keep the caption conversational; never fake verification.,No dangerous stunt escalation; hide private data and get consent for identifiable bystanders.
seed-060,CHAOS,funny,Draw It From Memory,The plan survived approximately six minutes.,JOIN THE DROP,Show the attempt clearly; keep the caption conversational; never fake verification.,No dangerous stunt escalation; hide private data and get consent for identifiable bystanders.
seed-061,ALMOST,fitness,Run 1 Mile,Close enough to make tomorrow personal.,FOLLOW THE JOURNEY,Show the attempt clearly; keep the caption conversational; never fake verification.,No dangerous stunt escalation; hide private data and get consent for identifiable bystanders.
seed-062,ALMOST,sports,Make the Shot,Close enough to make tomorrow personal.,CHALLENGE A FRIEND,Show the attempt clearly; keep the caption conversational; never fake verification.,No dangerous stunt escalation; hide private data and get consent for identifiable bystanders.
seed-063,ALMOST,food,Cook Without Panicking,Close enough to make tomorrow personal.,KEEP THE CHAIN ALIVE,Show the attempt clearly; keep the caption conversational; never fake verification.,No dangerous stunt escalation; hide private data and get consent for identifiable bystanders.
seed-064,ALMOST,build,Ship One Thing,Close enough to make tomorrow personal.,TRY THIS,Show the attempt clearly; keep the caption conversational; never fake verification.,No dangerous stunt escalation; hide private data and get consent for identifiable bystanders.
seed-065,ALMOST,business,Talk to One Customer,Close enough to make tomorrow personal.,RUN IT BACK,Show the attempt clearly; keep the caption conversational; never fake verification.,No dangerous stunt escalation; hide private data and get consent for identifiable bystanders.
seed-066,ALMOST,study,45 Minute Lock-In,Close enough to make tomorrow personal.,BEAT ME,Show the attempt clearly; keep the caption conversational; never fake verification.,No dangerous stunt escalation; hide private data and get consent for identifiable bystanders.
seed-067,ALMOST,art,One Sketch,Close enough to make tomorrow personal.,JOIN THE DROP,Show the attempt clearly; keep the caption conversational; never fake verification.,No dangerous stunt escalation; hide private data and get consent for identifiable bystanders.
seed-068,ALMOST,outdoors,Touch Grass,Close enough to make tomorrow personal.,FOLLOW THE JOURNEY,Show the attempt clearly; keep the caption conversational; never fake verification.,No dangerous stunt escalation; hide private data and get consent for identifiable bystanders.
seed-069,ALMOST,social,Reach Out 7,Close enough to make tomorrow personal.,CHALLENGE A FRIEND,Show the attempt clearly; keep the caption conversational; never fake verification.,No dangerous stunt escalation; hide private data and get consent for identifiable bystanders.
seed-070,ALMOST,funny,Draw It From Memory,Close enough to make tomorrow personal.,KEEP THE CHAIN ALIVE,Show the attempt clearly; keep the caption conversational; never fake verification.,No dangerous stunt escalation; hide private data and get consent for identifiable bystanders.
seed-071,RIVALRY,fitness,Run 1 Mile,I had first place for eleven minutes.,TRY THIS,Show the attempt clearly; keep the caption conversational; never fake verification.,No dangerous stunt escalation; hide private data and get consent for identifiable bystanders.
seed-072,RIVALRY,sports,Make the Shot,I had first place for eleven minutes.,RUN IT BACK,Show the attempt clearly; keep the caption conversational; never fake verification.,No dangerous stunt escalation; hide private data and get consent for identifiable bystanders.
seed-073,RIVALRY,food,Cook Without Panicking,I had first place for eleven minutes.,BEAT ME,Show the attempt clearly; keep the caption conversational; never fake verification.,No dangerous stunt escalation; hide private data and get consent for identifiable bystanders.
seed-074,RIVALRY,build,Ship One Thing,I had first place for eleven minutes.,JOIN THE DROP,Show the attempt clearly; keep the caption conversational; never fake verification.,No dangerous stunt escalation; hide private data and get consent for identifiable bystanders.
seed-075,RIVALRY,business,Talk to One Customer,I had first place for eleven minutes.,FOLLOW THE JOURNEY,Show the attempt clearly; keep the caption conversational; never fake verification.,No dangerous stunt escalation; hide private data and get consent for identifiable bystanders.
seed-076,RIVALRY,study,45 Minute Lock-In,I had first place for eleven minutes.,CHALLENGE A FRIEND,Show the attempt clearly; keep the caption conversational; never fake verification.,No dangerous stunt escalation; hide private data and get consent for identifiable bystanders.
seed-077,RIVALRY,art,One Sketch,I had first place for eleven minutes.,KEEP THE CHAIN ALIVE,Show the attempt clearly; keep the caption conversational; never fake verification.,No dangerous stunt escalation; hide private data and get consent for identifiable bystanders.
seed-078,RIVALRY,outdoors,Touch Grass,I had first place for eleven minutes.,TRY THIS,Show the attempt clearly; keep the caption conversational; never fake verification.,No dangerous stunt escalation; hide private data and get consent for identifiable bystanders.
seed-079,RIVALRY,social,Reach Out 7,I had first place for eleven minutes.,RUN IT BACK,Show the attempt clearly; keep the caption conversational; never fake verification.,No dangerous stunt escalation; hide private data and get consent for identifiable bystanders.
seed-080,RIVALRY,funny,Draw It From Memory,I had first place for eleven minutes.,BEAT ME,Show the attempt clearly; keep the caption conversational; never fake verification.,No dangerous stunt escalation; hide private data and get consent for identifiable bystanders.
seed-081,RESET,fitness,Run 1 Mile,Attempt number three. History stays.,JOIN THE DROP,Show the attempt clearly; keep the caption conversational; never fake verification.,No dangerous stunt escalation; hide private data and get consent for identifiable bystanders.
seed-082,RESET,sports,Make the Shot,Attempt number three. History stays.,FOLLOW THE JOURNEY,Show the attempt clearly; keep the caption conversational; never fake verification.,No dangerous stunt escalation; hide private data and get consent for identifiable bystanders.
seed-083,RESET,food,Cook Without Panicking,Attempt number three. History stays.,CHALLENGE A FRIEND,Show the attempt clearly; keep the caption conversational; never fake verification.,No dangerous stunt escalation; hide private data and get consent for identifiable bystanders.
seed-084,RESET,build,Ship One Thing,Attempt number three. History stays.,KEEP THE CHAIN ALIVE,Show the attempt clearly; keep the caption conversational; never fake verification.,No dangerous stunt escalation; hide private data and get consent for identifiable bystanders.
seed-085,RESET,business,Talk to One Customer,Attempt number three. History stays.,TRY THIS,Show the attempt clearly; keep the caption conversational; never fake verification.,No dangerous stunt escalation; hide private data and get consent for identifiable bystanders.
seed-086,RESET,study,45 Minute Lock-In,Attempt number three. History stays.,RUN IT BACK,Show the attempt clearly; keep the caption conversational; never fake verification.,No dangerous stunt escalation; hide private data and get consent for identifiable bystanders.
seed-087,RESET,art,One Sketch,Attempt number three. History stays.,BEAT ME,Show the attempt clearly; keep the caption conversational; never fake verification.,No dangerous stunt escalation; hide private data and get consent for identifiable bystanders.
seed-088,RESET,outdoors,Touch Grass,Attempt number three. History stays.,JOIN THE DROP,Show the attempt clearly; keep the caption conversational; never fake verification.,No dangerous stunt escalation; hide private data and get consent for identifiable bystanders.
seed-089,RESET,social,Reach Out 7,Attempt number three. History stays.,FOLLOW THE JOURNEY,Show the attempt clearly; keep the caption conversational; never fake verification.,No dangerous stunt escalation; hide private data and get consent for identifiable bystanders.
seed-090,RESET,funny,Draw It From Memory,Attempt number three. History stays.,CHALLENGE A FRIEND,Show the attempt clearly; keep the caption conversational; never fake verification.,No dangerous stunt escalation; hide private data and get consent for identifiable bystanders.
seed-091,CREW,fitness,Run 1 Mile,Our group chat has entered competitive mode.,KEEP THE CHAIN ALIVE,Show the attempt clearly; keep the caption conversational; never fake verification.,No dangerous stunt escalation; hide private data and get consent for identifiable bystanders.
seed-092,CREW,sports,Make the Shot,Our group chat has entered competitive mode.,TRY THIS,Show the attempt clearly; keep the caption conversational; never fake verification.,No dangerous stunt escalation; hide private data and get consent for identifiable bystanders.
seed-093,CREW,food,Cook Without Panicking,Our group chat has entered competitive mode.,RUN IT BACK,Show the attempt clearly; keep the caption conversational; never fake verification.,No dangerous stunt escalation; hide private data and get consent for identifiable bystanders.
seed-094,CREW,build,Ship One Thing,Our group chat has entered competitive mode.,BEAT ME,Show the attempt clearly; keep the caption conversational; never fake verification.,No dangerous stunt escalation; hide private data and get consent for identifiable bystanders.
seed-095,CREW,business,Talk to One Customer,Our group chat has entered competitive mode.,JOIN THE DROP,Show the attempt clearly; keep the caption conversational; never fake verification.,No dangerous stunt escalation; hide private data and get consent for identifiable bystanders.
seed-096,CREW,study,45 Minute Lock-In,Our group chat has entered competitive mode.,FOLLOW THE JOURNEY,Show the attempt clearly; keep the caption conversational; never fake verification.,No dangerous stunt escalation; hide private data and get consent for identifiable bystanders.
seed-097,CREW,art,One Sketch,Our group chat has entered competitive mode.,CHALLENGE A FRIEND,Show the attempt clearly; keep the caption conversational; never fake verification.,No dangerous stunt escalation; hide private data and get consent for identifiable bystanders.
seed-098,CREW,outdoors,Touch Grass,Our group chat has entered competitive mode.,KEEP THE CHAIN ALIVE,Show the attempt clearly; keep the caption conversational; never fake verification.,No dangerous stunt escalation; hide private data and get consent for identifiable bystanders.
seed-099,CREW,social,Reach Out 7,Our group chat has entered competitive mode.,TRY THIS,Show the attempt clearly; keep the caption conversational; never fake verification.,No dangerous stunt escalation; hide private data and get consent for identifiable bystanders.
seed-100,CREW,funny,Draw It From Memory,Our group chat has entered competitive mode.,RUN IT BACK,Show the attempt clearly; keep the caption conversational; never fake verification.,No dangerous stunt escalation; hide private data and get consent for identifiable bystanders.
